--> user
-- 1
insert into USER (created_at, updated_at, birth, email, gender, id, nick_name, phone, file_name, real_file_name, points, pw, refresh_token, type)
values (now(), now(), '2021-09-19', 'ltumayan0@google.fr', 'MALE', 'test1', 'test1', '010-4926-4291', 'pikachu', 'pikachu.png', 10000, 'test1', 'refresh Token', 'USER');
-- 2
insert into USER (created_at, updated_at, birth, email, gender, id, nick_name, phone, file_name, real_file_name, points, pw, refresh_token, type)
values (now(), now(), '2021-08-25', 'sfeaveer1@epa.gov', 'FEMALE', 'test2', 'test2', '010-3908-6081', 'basic', 'basic.png', 20000, 'test2', 'refresh Token', 'USER');
-- 3
insert into USER (created_at, updated_at, birth, email, gender, id, nick_name, phone, file_name, real_file_name, points, pw, refresh_token, type)
values (now(), now(), '2021-11-28', 'ddemaine2@tumblr.com', 'FEMALE', 'test3', 'test3', '010-4447-6503', 'basic', 'basic.png', 3000, 'test3', 'refresh Token', 'USER');
-- 4
insert into USER (created_at, updated_at, birth, email, gender, id, nick_name, phone, file_name, real_file_name, points, pw, refresh_token, type)
values (now(), now(), '2021-10-17', 'cbastian3@themeforest.net', 'MALE', 'test4', 'test4', '010-1414-9459', 'basic', 'basic.png', 4000, 'test4', 'refresh Token', 'USER');
-- 5
insert into USER (created_at, updated_at, birth, email, gender, id, nick_name, phone, file_name, real_file_name, points, pw, refresh_token, type)
values (now(), now(), '2021-11-10', 'ctrue4@mac.com', 'FEMALE', 'test5', 'test5', '010-3935-3593', 'basic', 'basic.png', 5000, 'test5', 'refresh Token', 'USER');
-- 6
insert into USER (created_at, updated_at, birth, email, gender, id, nick_name, phone, file_name, real_file_name, points, pw, refresh_token, type)
values (now(), now(), '2022-05-28', 'bcowherd5@tuttocitta.it', 'MALE', 'test6', 'test6', '010-5483-5633', 'basic', 'basic.png', 6000, 'test6', 'refresh Token', 'USER');
-- 7
insert into USER (created_at, updated_at, birth, email, gender, id, nick_name, phone, file_name, real_file_name, points, pw, refresh_token, type)
values (now(), now(), '2021-08-19', 'wphette6@imageshack.us', 'FEMALE', 'test7', 'test7', '010-2761-5915', 'basic', 'basic.png', 7000, 'test7', 'refresh Token', 'USER');
-- 8
insert into USER (created_at, updated_at, birth, email, gender, id, nick_name, phone, file_name, real_file_name, points, pw, refresh_token, type)
values (now(), now(), '2021-12-05', 'gcasseldine7@cocolog-nifty.com', 'FEMALE', 'test8', 'test8', '010-4411-8045', 'basic', 'basic.png', 8000, 'test8', 'refresh Token', 'USER');
-- 9
insert into USER (created_at, updated_at, birth, email, gender, id, nick_name, phone, file_name, real_file_name, points, pw, refresh_token, type)
values (now(), now(), '2022-03-12', 'oloram8@europa.eu', 'FEMALE', 'test9', 'test9', '010-1530-7150', 'basic', 'basic.png', 9000, 'test9', 'refresh Token', 'USER');
-- 10
insert into USER (created_at, updated_at, birth, email, gender, id, nick_name, phone, file_name, real_file_name, points, pw, refresh_token, type)
values (now(), now(), '2021-12-22', 'kpaprotnyt@chicagotribune.com', 'MALE', 'test30', 'test30', '010-3521-2216', 'ggobugi', 'ggobugi.jpeg', 3000, 'test30', 'refresh Token', 'COUNSELOR');
-- 11
insert into USER (created_at, updated_at, birth, email, gender, id, nick_name, phone, file_name, real_file_name, points, pw, refresh_token, type)
values (now(), now(), '2021-08-29', 'gstrangu@biglobe.ne.jp', 'MALE', 'test31', 'test31', '010-6447-2507', 'isanghessi', 'isanghessi.png', 3100, 'test31', 'refresh Token', 'COUNSELOR');
-- 12
insert into USER (created_at, updated_at, birth, email, gender, id, nick_name, phone, file_name, real_file_name, points, pw, refresh_token, type)
values (now(), now(), '2022-07-27', 'cboggesv@ucoz.ru', 'MALE', 'test32', 'test32', '010-9341-7795', 'metamong', 'metamong.jpg', 3200, 'test32', 'refresh Token', 'COUNSELOR');
-- 13
insert into USER (created_at, updated_at, birth, email, gender, id, nick_name, phone, file_name, real_file_name, points, pw, refresh_token, type)
values (now(), now(), '2022-07-12', 'mcorradow@typepad.com', 'MALE', 'test33', 'test33', '010-6597-1235', 'pairi', 'pairi.jpeg', 3300, 'test33', 'refresh Token', 'COUNSELOR');
-- 14
insert into USER (created_at, updated_at, birth, email, gender, id, nick_name, phone, file_name, real_file_name, points, pw, refresh_token, type)
values (now(), now(), '2022-06-16', 'vgauchx@utexas.edu', 'FEMALE', 'test34', 'test34', '010-3054-2172', 'basic', 'basic.png', 3400, 'test34', 'refresh Token', 'COUNSELOR');
-- 15
insert into USER (created_at, updated_at, birth, email, gender, id, nick_name, phone, file_name, real_file_name, points, pw, refresh_token, type)
values (now(), now(), '2022-02-09', 'dpladeny@163.com', 'FEMALE', 'test35', 'test35', '010-2469-8882', 'basic', 'basic.png', 3500, 'test35', 'refresh Token', 'COUNSELOR');
-- 16
insert into USER (created_at, updated_at, birth, email, gender, id, nick_name, phone, file_name, real_file_name, points, pw, refresh_token, type)
values (now(), now(), '2021-11-16', 'uretterz@washington.edu', 'FEMALE', 'test36', 'test36', '010-1530-5329', 'basic', 'basic.png', 3600, 'test36', 'refresh Token', 'COUNSELOR');
-- 17
insert into USER (created_at, updated_at, birth, email, gender, id, nick_name, phone, file_name, real_file_name, points, pw, refresh_token, type)
values (now(), now(), '2022-02-22', 'atrengrove10@istockphoto.com', 'MALE', 'test37', 'test37', '010-9503-3978', 'basic', 'basic.png', 3700, 'test37', 'refresh Token', 'COUNSELOR');
-- 18
insert into USER (created_at, updated_at, birth, email, gender, id, nick_name, phone, file_name, real_file_name, points, pw, refresh_token, type)
values (now(), now(), '2022-07-22', 'mdufore11@diigo.com', 'MALE', 'test38', 'test38', '010-1403-9986', 'basic', 'basic.png', 3800, 'test38', 'refresh Token', 'COUNSELOR');
-- 19
insert into USER (created_at, updated_at, birth, email, gender, id, nick_name, phone, file_name, real_file_name, points, pw, refresh_token, type)
values (now(), now(), '2021-10-21', 'agaspar12@mapy.cz', 'MALE', 'test39', 'test39', '010-8520-2486', 'basic', 'basic.png', 3900, 'test39', 'refresh Token', 'COUNSELOR');
-- 20
insert into USER (created_at, updated_at, birth, email, gender, id, nick_name, phone, file_name, real_file_name, points, pw, refresh_token, type)
values (now(), now(), '2022-01-30', 'ltomczykowski13@wisc.edu', 'MALE', 'test40', 'test40', '010-5153-6837', 'basic', 'basic.png', 4000, 'test40', 'refresh Token', 'COUNSELOR');

--> counselor_profile
insert into counselor_profile (counselor_id, created_at, updated_at, introduce, price, review_cnt, review_value)
values (10, now(), now(), '안녕하세요. 편안하게 찾아주세요.', 1000, 0, 0);
insert into counselor_profile (counselor_id, created_at, updated_at, introduce, price, review_cnt, review_value)
values (11, now(), now(), '안녕하세요. 편안하게 찾아주세요.', 1000, 6, 3.5);
insert into counselor_profile (counselor_id, created_at, updated_at, introduce, price, review_cnt, review_value)
values (12, now(), now(), '편안한 대화상대가 되어드리겠습니다.', 1500, 1 , 4);
insert into counselor_profile (counselor_id, created_at, updated_at, introduce, price, review_cnt, review_value)
values (13, now(), now(), '당신의 이야기를 들려주십시오.', 2000, 0, 0);
insert into counselor_profile (counselor_id, created_at, updated_at, introduce, price, review_cnt, review_value)
values (14, now(), now(), '저는 항상 열려있습니다. 언제든 찾아주세요.', 1000, 0, 0);
insert into counselor_profile (counselor_id, created_at, updated_at, introduce, price, review_cnt, review_value)
values (15, now(), now(), '당신의 친구가 되어드리겠습니다', 3000, 0, 0);
insert into counselor_profile (counselor_id, created_at, updated_at, introduce, price, review_cnt, review_value)
values (16, now(), now(), '전문적인 상담으로 해답을 드리겠습니다', 2000, 0, 0);
insert into counselor_profile (counselor_id, created_at, updated_at, introduce, price, review_cnt, review_value)
values (17, now(), now(), '친절한 상담, 편안한 분위기', 3000, 0, 0);
insert into counselor_profile (counselor_id, created_at, updated_at, introduce, price, review_cnt, review_value)
values (18, now(), now(), '경청하는 상담사를 원하신다면 저를 찾아주세요', 2000, 0, 0);
insert into counselor_profile (counselor_id, created_at, updated_at, introduce, price, review_cnt, review_value)
values (19, now(), now(), '고민이 있다면 저를 찾아주세요.', 1000, 0, 0);
insert into counselor_profile (counselor_id, created_at, updated_at, introduce, price, review_cnt, review_value)
values (20, now(), now(), '경험에서 나오는 상담을 원하신다면 저를 찾아주세요', 2000, 0, 0);

--> board
-- 1
insert into board (created_at, updated_at, contents, date, hit_cnt, title, id)
values (now(), now(), '공부는 왜 이렇게 하기 싫은 걸까요...나이는 먹어가는데 의욕은 더 떨어지네요.', now(), 0, '취업 준비중입니다...', 1);
-- 2
insert into board (created_at, updated_at, contents, date, hit_cnt, title, id)
values (now(), now(), '매일 아침에 일어날때마다 기분이 너무 안좋아요 ㅠㅠ...', now(), 0, '살려주세요', 1);
-- 3
insert into board (created_at, updated_at, contents, date, hit_cnt, title, id)
values (now(), now(), '취준이 길어지니까 자꾸 안좋은 생각만 드는거 같아요...', now(), 0, '힘들어요...', 1);
-- 4
insert into board (created_at, updated_at, contents, date, hit_cnt, title, id)
values (now(), now(), '10년째 취업준비중입니다... 끝이 안보여요...', now(), 0, '취업이 이렇게 힘든건가요', 2);
-- 5
insert into board (created_at, updated_at, contents, date, hit_cnt, title, id)
values (now(), now(), '친구들은 다들 직장다니고 결혼도하고 잘나가는데 저만 취준생이에요 ㅠ...', now(), 0, '우울해요',  2);
-- 6
insert into board (created_at, updated_at, contents, date, hit_cnt, title, id)
values (now(), now(), '서류탈락만 300번입니다. 저는 면접 볼 가치도 없다는 걸까요...', now(), 0, '제가 할 수 있을까요?', 3);
-- 7
insert into board (created_at, updated_at, contents, date, hit_cnt, title, id)
values (now(), now(), '다른 취준생들은 친구들끼리 가끔 만나서 술을 마시기도 하고 서로 힘이 되는거같은데 전 그럴 친구가 없어요 ㅠ 외롭습니다 ㅠㅠ', now(), 0, '털어 놓을 곳이 없어요.',  4);
-- 8
insert into board (created_at, updated_at, contents, date, hit_cnt, title, id)
values (now(), now(), '여기서 상담 받으면 좀 괜찮아질까요??', now(), 0, '알려주세요',  5);
-- 9
insert into board (created_at, updated_at, contents, date, hit_cnt, title, id)
values (now(), now(), '가격 문의요', now(), 0, '상담 가격이 어케됩니까', 6);
-- 10
insert into board (created_at, updated_at, contents, date, hit_cnt, title, id)
values (now(), now(), '매일 사는게 지옥같습니다 ㅠ 취업하면 좀 괜찮아질까요...?', now(), 10, '취업 하면 좀 나아질까요?', 1);
-- 11
insert into board (created_at, updated_at, contents, date, hit_cnt, title, id)
values (now(), now(), '점점 취업이 어려워지는거같아요. 나이는 벌써 서른이 훌쩍 넘어버렸는데 신입은 안뽑고 매일매일이 우울합니다...', now(), 0, '나이는 차고 취업문은 좁고', 2);
-- 12
insert into board (created_at, updated_at, contents, date, hit_cnt, title, id)
values (now(), now(), '밖에 나가면 다들 저한테 아직도 취업 못했냐고 비웃는거 같아요 ㅠㅠ 밖에 나가기가 무서워요', now(), 0, '사람이 무서워요', 3);
-- 13
insert into board (created_at, updated_at, contents, date, hit_cnt, title, id)
values (now(), now(), '이젠 정말 한계인 것 같아요. 더이상 취업준비 못 하겠습니다... 그만두고싶어요...', now(), 0, '할 수 있는게 더는 없습니다...', 4);
-- 14
insert into board (created_at, updated_at, contents, date, hit_cnt, title, id)
values (now(), now(), '친구는 삼성 취업했다고 자랑하는데 저는 아직도 취준생이고...친구가 너무 짜증납니다.', now(), 0, '친구가 너무 짜증나요', 5);
-- 15
insert into board (created_at, updated_at, contents, date, hit_cnt, title, id)
values (now(), now(), '부모님이 빨리 취업하라고 매일 잔소리하시는게 너무 싫어요 ㅠㅠ 저도 하고 싶은데 못 하는 건데 ㅠㅠ', now(), 0, '부모님이 너무 싫어요 ㅠ', 6);
-- 16
insert into board (created_at, updated_at, contents, date, hit_cnt, title, id)
values (now(), now(), '그동안 너무 힘들었습니다. 이만 내려 놓을까 합니다.', now(), 0, '이만 포기하려합니다...', 7);
-- 17
insert into board (created_at, updated_at, contents, date, hit_cnt, title, id)
values (now(), now(), '할 수 있다! 용기를 받고싶어요!!', now(), 0, '용기를 주세요!', 8);
-- 17
insert into board (created_at, updated_at, contents, date, hit_cnt, title, id)
values (now(), now(), '안녕하세요. 혼자 동생 둘을 키우는 22살 취준생입니다. 이제까진 알바만 해서 동생들을 키웠지만 더이상은 힘들거같아요. 그래서 제대로된 직장에 자리잡으려고 취업준비를 시작했는데 너무 힘듭니다... 속마음 털어 놓을 곳이 없어요... 동생들은 저만 보고있고ㅠㅠ', now(), 0, '너무 힘든 상황입니다.', 9);
-- 18
insert into board (created_at, updated_at, contents, date, hit_cnt, title, id)
values (now(), now(), '취업 준비를 시작한 이후로 하루도 기분좋게 하루를 마무리 한 적이 없어요 ㅠ ', now(), 0, '상담 받으면 좀 나아질까요?', 9);
-- 19
insert into board (created_at, updated_at, contents, date, hit_cnt, title, id)
values (now(), now(), '면접만 벌써 20번째 탈락입니다... 탈락할때마다 자존감이 너무 떨어집니다 ㅠ...', now(), 0, '저는 안되나봐요..', 1);

--> career
-- 1
insert into career (created_at, updated_at, contents, counselor_id)
values (now(), now(), '성광중학교 상담사 2년', 10);
-- 2
insert into career (created_at, updated_at, contents, counselor_id)
values (now(), now(), '누리심리상담센터 3년', 10);
-- 3
insert into career (created_at, updated_at, contents, counselor_id)
values (now(), now(), '한마음심리상담센터 1년', 10);
-- 4
insert into career (created_at, updated_at, contents, counselor_id)
values (now(), now(), '상서고등학교 상담사 5년', 11);
-- 5
insert into career (created_at, updated_at, contents, counselor_id)
values (now(), now(), '서울심리상담센터 3년', 11);
-- 6
insert into career (created_at, updated_at, contents, counselor_id)
values (now(), now(), '구미심리상담센터 2년', 11);
-- 7
insert into career (created_at, updated_at, contents, counselor_id)
values (now(), now(), '대구심리상담센터 3년', 11);
-- 8
insert into career (created_at, updated_at, contents, counselor_id)
values (now(), now(), '수원심리상담센터 5년', 12);
-- 9
insert into career (created_at, updated_at, contents, counselor_id)
values (now(), now(), '동탄심리상담센터 6년', 13);
-- 10
insert into career (created_at, updated_at, contents, counselor_id)
values (now(), now(), '동서울심리상담센터 4년', 14);
-- 11
insert into career (created_at, updated_at, contents, counselor_id)
values (now(), now(), '온도심리상담센터 5년', 15);
-- 12
insert into career (created_at, updated_at, contents, counselor_id)
values (now(), now(), '마음심리상담센터 8년', 16);
-- 13
insert into career (created_at, updated_at, contents, counselor_id)
values (now(), now(), '행복심리상담센터 10년', 17);
-- 14
insert into career (created_at, updated_at, contents, counselor_id)
values (now(), now(), '영남여성심리상담센터 4년', 18);
-- 15
insert into career (created_at, updated_at, contents, counselor_id)
values (now(), now(), '대구여성상담센터 5년', 19);
-- 16
insert into career (created_at, updated_at, contents, counselor_id)
values (now(), now(), '마음치료상담센터 3년', 20);
-- 17
insert into career (created_at, updated_at, contents, counselor_id)
values (now(), now(), '새마음심리상담센터 2년', 20);
-- 18
insert into career (created_at, updated_at, contents, counselor_id)
values (now(), now(), '온누리심리상단센터 3년', 20);
-- 19
insert into career (created_at, updated_at, contents, counselor_id)
values (now(), now(), '구인철심리상담소 1년', 20);
-- 20
insert into career (created_at, updated_at, contents, counselor_id)
values (now(), now(), '전인숙심리상담소 2년', 20);

--> category
-- 1
insert into category (created_at, updated_at, contents, counselor_id)
values (now(), now(), '가족', 11);
-- 2
insert into category (created_at, updated_at, contents, counselor_id)
values (now(), now(), '직장, 진로', 11);
-- 3
insert into category (created_at, updated_at, contents, counselor_id)
values (now(), now(), '연애, 결혼', 11);
-- 4
insert into category (created_at, updated_at, contents, counselor_id)
values (now(), now(), '가족', 12);
-- 5
insert into category (created_at, updated_at, contents, counselor_id)
values (now(), now(), '직장, 진로', 12);
-- 6
insert into category (created_at, updated_at, contents, counselor_id)
values (now(), now(), '연애, 결혼', 12);
-- 7
insert into category (created_at, updated_at, contents, counselor_id)
values (now(), now(), '자기이해', 13);
-- 8
insert into category (created_at, updated_at, contents, counselor_id)
values (now(), now(), '자기이해', 14);
-- 9
insert into category (created_at, updated_at, contents, counselor_id)
values (now(), now(), '연애,결혼', 15);
-- 10
insert into category (created_at, updated_at, contents, counselor_id)
values (now(), now(), '직장,진로', 16);
-- 11
insert into category (created_at, updated_at, contents, counselor_id)
values (now(), now(), '직장,진로', 17);
-- 12
insert into category (created_at, updated_at, contents, counselor_id)
values (now(), now(), '가족', 18);
-- 13
insert into category (created_at, updated_at, contents, counselor_id)
values (now(), now(), '직장,진로', 19);
-- 14
insert into category (created_at, updated_at, contents, counselor_id)
values (now(), now(), '직장, 진로', 20);
-- 15
insert into category (created_at, updated_at, contents, counselor_id)
values (now(), now(), '연애,결혼', 20);

--> certificate
-- 1
insert into certificate (created_at, updated_at, contents, counselor_id)
values (now(), now(), '2급 상담심리사', 10);
-- 2
insert into certificate (created_at, updated_at, contents, counselor_id)
values (now(), now(), '1급 전문상담사', 10);
-- 3
insert into certificate (created_at, updated_at, contents, counselor_id)
values (now(), now(), '3급 청소년상담사', 10);
-- 4
insert into certificate (created_at, updated_at, contents, counselor_id)
values (now(), now(), '1급 상담심리사', 11);
-- 5
insert into certificate (created_at, updated_at, contents, counselor_id)
values (now(), now(), '2급 전문상담사', 11);
-- 6
insert into certificate (created_at, updated_at, contents, counselor_id)
values (now(), now(), '1급 청소년 상담사', 11);
-- 7
insert into certificate (created_at, updated_at, contents, counselor_id)
values (now(), now(), '1급 전문상담사', 12);
-- 8
insert into certificate (created_at, updated_at, contents, counselor_id)
values (now(), now(), '2급 전문상담사', 13);
-- 9
insert into certificate (created_at, updated_at, contents, counselor_id)
values (now(), now(), '1급 전문상담사', 14);
-- 10
insert into certificate (created_at, updated_at, contents, counselor_id)
values (now(), now(), '2급 상담심리사', 15);
-- 11
insert into certificate (created_at, updated_at, contents, counselor_id)
values (now(), now(), '2급 상담심리사', 16);
-- 12
insert into certificate (created_at, updated_at, contents, counselor_id)
values (now(), now(), '1급 전문상담사', 17);
-- 13
insert into certificate (created_at, updated_at, contents, counselor_id)
values (now(), now(), '1급 전문상담사', 18);
-- 14
insert into certificate (created_at, updated_at, contents, counselor_id)
values (now(), now(), '2급 상담심리사', 19);
-- 15
insert into certificate (created_at, updated_at, contents, counselor_id)
values (now(), now(), '1급 전문상담사', 20);

--> comment
-- 1
insert into comment (created_at, updated_at, contents, date, boardid, id)
values (now(), now(), '원래 세상에서 공부가 제일 어려워요ㅠ 저랑 가볍게 얘기 한번 해보실까요?', now(), 1, 11);
-- 2
insert into comment (created_at, updated_at, contents, date, boardid, id)
values (now(), now(), '아침마다 기분이 안좋으시군요 ㅠㅠ 일어나자마자 좋아하는 일부터 시작해보는건 어떨까요? ', now(), 2, 11);
-- 3
insert into comment (created_at, updated_at, contents, date, boardid, id)
values (now(), now(), '긍정적인 자극으로 스트레스 해소가 필요해보입니다. 자세한 상담을 원하시면 저와 얘기 해봐요.', now(), 3, 11);
-- 4
insert into comment (created_at, updated_at, contents, date, boardid, id)
values (now(), now(), '많이 힘드시겠군요 ㅠㅠ 하지만 분명 끝은 옵니다! 긍정적으로 생각하는 것이 중요합니다! ', now(), 4, 11);
-- 5
insert into comment (created_at, updated_at, contents, date, boardid, id)
values (now(), now(), 'ㅠㅠ 비교는 본인에게 절대 도움이 되지 않아요! 모든 사람에겐 본인만의 템포가 있습니다!', now(), 5, 11);
-- 6
insert into comment (created_at, updated_at, contents, date, boardid, id)
values (now(), now(), '서류 300번이라니 대단하시네요! 그만큼 회사에서 필요한 스펙을 갖고계시다는 방증 아닐까요? 실력이 충분하신만큼 면접에서 자신감만 갖고 임한다면 좋은 결과 있을것같아요!', now(), 6, 11);
-- 7
insert into comment (created_at, updated_at, contents, date, boardid, id)
values (now(), now(), '많이 외로우시겠군요 ㅠㅠ 저는 항상 열려있으니 언제든 찾아오셔서 대화 나눠요!', now(), 7, 12);
-- 8
insert into comment (created_at, updated_at, contents, date, boardid, id)
values (now(), now(), '어떤 문제실까요? 자세한 상담을 원하시면 1:1상담을 신청해주세요!', now(), 8, 12);
-- 9
insert into comment (created_at, updated_at, contents, date, boardid, id)
values (now(), now(), '상담사는 답만하는 로봇이 아니에요 ㅠㅠ 최소한의 예의를 지켜주세요', now(), 9, 12);
-- 10
insert into comment (created_at, updated_at, contents, date, boardid, id)
values (now(), now(), '과정에서 작은 즐거움을 찾는게 중요합니다! 저랑 상담 해보시면서 같이 찾아보면 좋을 것 같아요!', now(), 10, 12);
-- 11
insert into comment (created_at, updated_at, contents, date, boardid, id)
values (now(), now(), '나이때문에 걱정이 많으시군요 ㅠㅠ 하지만 나이는 숫자에 불과해요!! ', now(), 11, 13);
-- 12
insert into comment (created_at, updated_at, contents, date, boardid, id)
values (now(), now(), '대인기피증 초기증상으로 보입니다. 자세한 상담을 통해 미리 예방하는 것이 좋아보여요.', now(), 12, 14);
-- 13
insert into comment (created_at, updated_at, contents, date, boardid, id)
values (now(), now(), '많이 힘드시겠군요 ㅠㅠ 한계를 느끼실 정도면 정말 힘드신 상황이시겠어요. 저랑 한번 대화 나눠보는건 어떠실까요?', now(), 13, 15);
-- 14
insert into comment (created_at, updated_at, contents, date, boardid, id)
values (now(), now(), '비교는 본인에게 전혀 도움이 안됩니다 ㅠㅠ 어제의 나보다 발전한 오늘의 나를 칭찬해주세요!!', now(), 14, 16);
-- 15
insert into comment (created_at, updated_at, contents, date, boardid, id)
values (now(), now(), '부모님께서도 걱정되는 마음에 하시는거 아시죠? ㅠㅠ 부모님과 관계개선을 위한 집단상담프로그램을 진행중인데 관심 있으시면 참여해보시겠어요?', now(), 15, 11);
-- 16
insert into comment (created_at, updated_at, contents, date, boardid, id)
values (now(), now(), '왜 내려놓으시려고 하시나요 ㅠㅠ 자세한 얘기가 궁금합니다 ㅠㅠ 저한테 상담 신청 해주세요!', now(), 16, 18);
-- 17
insert into comment (created_at, updated_at, contents, date, boardid, id)
values (now(), now(), '화이팅입니다!!', now(), 17, 11);
-- 18
insert into comment (created_at, updated_at, contents, date, boardid, id)
values (now(), now(), '아이고 ㅠㅠ 많이 힘든 상황이시겠어요... 동생 두분을 책임지시다보니 어깨가 많이 무거우실겁니다 ㅠㅠ 편안하게 속마음 털어놓을 창구가 필요하시다면 저를 찾아주세요!', now(), 18, 19);
-- 19
insert into comment (created_at, updated_at, contents, date, boardid, id)
values (now(), now(), '기분 좋게 하루를 마무리 하고 싶으신거군요! 하루를 정리하면서 긍정적인 상황들을 다시한번 생각해보는 시간을 가지는게 좋답니다! 원하신다면 도와드리겠습니다!!', now(), 19, 20);
-- 20
insert into comment (created_at, updated_at, contents, date, boardid, id)
values (now(), now(), '면접을 20번이나 보신건가요?? 이미 세상에서 필요로 하는 인재시네요! 실패는 성공의 어머니! 20번의 경험이 반드시 힘이 될겁니다!', now(), 20, 20);
-- 21
insert into comment (created_at, updated_at, contents, date, boardid, id)
values (now(), now(), '공부가 하기 싫을때는 하루를 온전히 휴식을 가져보세요! 불안하시겠지만 도움이 될겁니다!', now(), 1, 20);
-- 22
insert into comment (created_at, updated_at, contents, date, boardid, id)
values (now(), now(), '아침의 기분은 잠들기전 기분이 결정합니다! 잠들기전에 즐거운 마음으로 잠들어보세요! ', now(), 2, 20);
-- 23
insert into comment (created_at, updated_at, contents, date, boardid, id)
values (now(), now(), '저런 ㅠㅠ 많이 힘드시다면 저랑 대화 나눠봐요 ㅠㅠ', now(), 3, 20);
-- 24
insert into comment (created_at, updated_at, contents, date, boardid, id)
values (now(), now(), '끝이 안보인다고 생각하시겠지만 결국 해내실겁니다! 10년이나 준비하셨다니 대단하세요! 그런 끈기라면 무조건 성공하실거에요!', now(), 4, 20);
-- 25
insert into comment (created_at, updated_at, contents, date, boardid, id)
values (now(), now(), '본인에게만 집중하세요!! 남은 신경쓸거 없습니다!', now(), 5, 20);

--> group
-- 1
insert into group (contents, price, title, counselor_id)
values ('가족과 갈등이 있으신분들의 참여를 기다립니다!', 0, '가족과의 갈등', 11);
-- 2
insert into group (contents, price, title, counselor_id)
values ('연인과의 관계에 고민이 있으신분들! 같이 얘기 나눠요!', 0, '연애와 결혼', 12);

--> group_user
insert into group_user (group_id, user_id)
values (1, 1);
insert into group_user (group_id, user_id)
values (2, 1);
insert into group_user (group_id, user_id)
values (1, 2);
insert into group_user (group_id, user_id)
values (2, 2);
insert into group_user (group_id, user_id)
values (1, 3);
insert into group_user (group_id, user_id)
values (2, 4);
insert into group_user (group_id, user_id)
values (1, 5);
insert into group_user (group_id, user_id)
values (2, 6);

--> counseling
-- 1
insert into counseling (day, hours, month, status, token, year,counseling_room_id, counselor_id, group_id, user_id)
values (16, 8, 8, 'ACCEPTED', null, 2022, null, 11, null, 1);

insert into counseling_document (contents, day, hours, is_open, month, year, counseling_id, counselor_id, group_id, user_id)
values ('우울합니다. 힘들어요. 매일 기분이 안좋습니다.', 16, 8, true, 8, 2022, 1, 11, null, 1);
-- 2
insert into counseling (day, hours, month, status, token, year,counseling_room_id, counselor_id, group_id, user_id)
values (21, 10, 8, 'UNACCEPTED', null, 2022, null, 11, null, 1);

insert into counseling_document (contents, day, hours, is_open, month, year, counseling_id, counselor_id, group_id, user_id)
values ('서류만 매일 떨어지고 있습니다. 자존감이 너무 낮아진 것 같아요...', 21, 10, true, 8, 2022, 2, 11, null, 1);
-- 3
insert into counseling (day, hours, month, status, token, year,counseling_room_id, counselor_id, group_id, user_id)
values (20, 12, 8, 'ACCEPTED', null, 2022, null, 12, null, 1);

insert into counseling_document (contents, day, hours, is_open, month, year, counseling_id, counselor_id, group_id, user_id)
values ('사람들이 무섭습니다. 밖으로 나가는게 두려워요.', 20, 12, false, 8, 2022, 3, 12, null, 1);
-- 4
insert into counseling (day, hours, month, status, token, year,counseling_room_id, counselor_id, group_id, user_id)
values (16, 14, 8, 'ACCEPTED', null, 2022, null, 11, 1, 1);

insert into counseling_document (contents, day, hours, is_open, month, year, counseling_id, counselor_id, group_id, user_id)
values ('부모님이랑 매일 싸우고있어요. 취업좀 빨리하라고 잔소리하시는거 듣는거 너무 힘듭니다.', 16, 14, false, 8, 2022, 4, 11, 1, 1);
-- 5
insert into counseling (day, hours, month, status, token, year,counseling_room_id, counselor_id, group_id, user_id)
values (20, 16, 8, 'ACCEPTED', null, 2022, null, 12, 2, 1);

insert into counseling_document (contents, day, hours, is_open, month, year, counseling_id, counselor_id, group_id, user_id)
values ('취준하면서 연애하기 너무 힘듭니다. 여자친구가 매번 보자고할때마다 거절하는게 너무 힘들어요', 20, 16, false, 8, 2022, 5, 12, 2, 1);
-- 6
insert into counseling (day, hours, month, status, token, year,counseling_room_id, counselor_id, group_id, user_id)
values (17, 18, 8, 'ACCEPTED', null, 2022, null, 11, null, 2);

insert into counseling_document (contents, day, hours, is_open, month, year, counseling_id, counselor_id, group_id, user_id)
values ('할 수 있는건 다한 것 같은데 도저히 일이 안풀리네요. 그냥 막막하기만 합니다.', 17, 18, false, 8, 2022, 6, 11, null, 2);
-- 7
insert into counseling (day, hours, month, status, token, year,counseling_room_id, counselor_id, group_id, user_id)
values (20, 20, 8, 'ACCEPTED', null, 2022, null, 11, null, 2);

insert into counseling_document (contents, day, hours, is_open, month, year, counseling_id, counselor_id, group_id, user_id)
values ('친구들은 다들 취업했는데 저만 몇년째 취준생이에요.', 20, 20, false, 8, 2022, 7, 11, null, 2);
-- 8
insert into counseling (day, hours, month, status, token, year,counseling_room_id, counselor_id, group_id, user_id)
values (18, 8, 8, 'ACCEPTED', null, 2022, null, 12, null, 2);

insert into counseling_document (contents, day, hours, is_open, month, year, counseling_id, counselor_id, group_id, user_id)
values ('매번 불합격통보만 들으니 자존감이 너무 떨어집니다. 우울해져서 손에 아무것도 안잡혀요. 어떻게 극복할 수 있을까요? ', 18, 8, false, 8, 2022, 8, 12, null, 2);
-- 9
insert into counseling (day, hours, month, status, token, year,counseling_room_id, counselor_id, group_id, user_id)
values (16, 10, 8, 'ACCEPTED', null, 2022, null, 11, 1, 2);

insert into counseling_document (contents, day, hours, is_open, month, year, counseling_id, counselor_id, group_id, user_id)
values ('아버지가 취업 언제할꺼냐고 매일 잔소리하시는게 너무 듣기 싫어요. 저도 하고싶지만 못하는건데 들을때마다 화가 납니다.', 16, 10, false, 8, 2022, 9, 11, 1, 2);
-- 10
insert into counseling (day, hours, month, status, token, year,counseling_room_id, counselor_id, group_id, user_id)
values (20, 10, 8, 'ACCEPTED', null, 2022, null, 12, 2, 2);

insert into counseling_document (contents, day, hours, is_open, month, year, counseling_id, counselor_id, group_id, user_id)
values ('여자친구가 제가 취업할때까지 기다려줄까요? 가끔 여자친구 친구들의 남자친구 얘기에 자존감이 너무 떨어져요.', 20, 10, false, 8, 2022, 10, 12, 2, 2);
-- 11
insert into counseling (day, hours, month, status, token, year,counseling_room_id, counselor_id, group_id, user_id)
values (16, 16, 8, 'ACCEPTED', null, 2022, null, 11, 1, 3);

insert into counseling_document (contents, day, hours, is_open, month, year, counseling_id, counselor_id, group_id, user_id)
values ('저는 개발자가 하고싶은데 아버지는 공무원을 하기를 바라세요. 어떻게 아버지를 설득시킬 수 있을까요', 16, 16, false, 8, 2022, 11, 11, 1, 3);
-- 12
insert into counseling (day, hours, month, status, token, year,counseling_room_id, counselor_id, group_id, user_id)
values (20, 18, 8, 'ACCEPTED', null, 2022, null, 12, 2, 4);

insert into counseling_document (contents, day, hours, is_open, month, year, counseling_id, counselor_id, group_id, user_id)
values ('취준생인데 남자친구가 결혼하자고 합니다. 저는 결혼은 취업이후에 하고싶거든요. 고민입니다.', 20, 18, false, 8, 2022, 12, 12, 2, 4);
-- 13
insert into counseling (day, hours, month, status, token, year,counseling_room_id, counselor_id, group_id, user_id)
values (16, 18, 8, 'ACCEPTED', null, 2022, null, 11, 1, 5);

insert into counseling_document (contents, day, hours, is_open, month, year, counseling_id, counselor_id, group_id, user_id)
values ('어머니가 교사가 최고라고 사범대를 가라고하세요. 근데 저는 마케터가 꿈이거든요. 어떻게 설득할 수 있을까요?', 16, 18, false, 8, 2022, 13, 11, 1, 5);
-- 14
insert into counseling (day, hours, month, status, token, year,counseling_room_id, counselor_id, group_id, user_id)
values (20, 18, 8, 'ACCEPTED', null, 2022, null, 12, 2, 6);

insert into counseling_document (contents, day, hours, is_open, month, year, counseling_id, counselor_id, group_id, user_id)
values ('남자친구가 취업하라고 옆에서 너무 짜증나게해요. 헤어질까요?', 20, 18, false, 8, 2022, 14, 12, 2, 6);

--> favorite
insert into favorite (created_at, updated_at, counselor_user_id, id)
values (now(), now(), 11, 1);
insert into favorite (created_at, updated_at, counselor_user_id, id)
values (now(), now(), 12, 1);
insert into favorite (created_at, updated_at, counselor_user_id, id)
values (now(), now(), 13, 1);
insert into favorite (created_at, updated_at, counselor_user_id, id)
values (now(), now(), 11, 2);
insert into favorite (created_at, updated_at, counselor_user_id, id)
values (now(), now(), 12, 2);

--> review
insert into review (created_at, updated_at, contents, value, counselor_user_id, id)
values (now(), now(), '감사합니다!', 5, 11, 1);
insert into review (created_at, updated_at, contents, value, counselor_user_id, id)
values (now(), now(), '최고의 상담!', 4, 11, 1);
insert into review (created_at, updated_at, contents, value, counselor_user_id, id)
values (now(), now(), '속이 시원해졌어요!', 4, 11, 2);
insert into review (created_at, updated_at, contents, value, counselor_user_id, id)
values (now(), now(), '친절한 상담 감사해요!', 4, 12, 2);
insert into review (created_at, updated_at, contents, value, counselor_user_id, id)
values (now(), now(), '상담 받길 너무 잘 했네요!', 5, 11, 2);
insert into review (created_at, updated_at, contents, value, counselor_user_id, id)
values (now(), now(), '다음엔 좀 더 유익하길', 2, 11, 3);
insert into review (created_at, updated_at, contents, value, counselor_user_id, id)
values (now(), now(), '여전히 답답해요', 1, 11, 5);

--> text_diary
-- 1
insert into text_diary (created_at, updated_at, contents, day, month, negative, neutral, percentage, positive, sentiment, title, year, user_id)
values (now(), now(), '오늘은 너무 힘들었다. 서류에서 불합격만 몇번인지 모르겠다. 얼마전 지원했던 곳 10곳 전부 서류불합이다 ㅠㅠ', 10, 8, 99.93, 0.06, 99.93, 0.01, 'negative', '우울하다', 2022, 1);
-- 2
insert into text_diary (created_at, updated_at, contents, day, month, negative, neutral, percentage, positive, sentiment, title, year, user_id)
values (now(), now(), '이젠 진짜 모르겠다 언제까지 이렇게 해야하는지 ㅠㅠ 취업은 언제쯤 할 수 있을런지 ㅠㅠ 힘들고 지겹다.', 11, 8, 87.58, 12.4, 87.58, 0.03, 'negative', '지겹다', 2022, 1);
-- 3
insert into text_diary (created_at, updated_at, contents, day, month, negative, neutral, percentage, positive, sentiment, title, year, user_id)
values (now(), now(), '오늘은 힘들지만 그래도 기분이 나쁘지않아서 좀 더 열심히 한 것 같아 뿌듯하다! 이렇게 하다보면 좋은 날도 있지 않을까?', 12, 8, 0.01, 0.04, 99.96, 99.96, 'positive', '그래도 다시 해보자!', 2022, 1);
-- 4
insert into text_diary (created_at, updated_at, contents, day, month, negative, neutral, percentage, positive, sentiment, title, year, user_id)
values (now(), now(), '서류 합격은 누가 하는지 모르겠다. 왜 항상 나만 불합격인거지 ㅠㅠ 옆에 친구들은 잘만 합격하던데 또 우울하다.', 13, 8, 94.32, 5.67, 0.01, 94.32, 'negative','또 불합격...', 2022, 1);
-- 5
insert into text_diary (created_at, updated_at, contents, day, month, negative, neutral, percentage, positive, sentiment, title, year, user_id)
values (now(), now(), '오늘 점심에 족발 사먹었는데 맛있었다. 잠시나마 취준생이란걸 잊을 수 있었는듯하다. 가끔 맛있는걸 먹으러 가야겠다. 기분이 좋아졌다.', 14, 8, 0.03, 14.07, 85.9, 85.9, 'positive', '오늘은 밥이 맛있네', 2022, 1);
-- 6
insert into text_diary (created_at, updated_at, contents, day, month, negative, neutral, percentage, positive, sentiment, title, year, user_id)
values (now(), now(), '드디어 서류합격을 했다!! 이게 얼마만인지 모르겠다. 제일 가고싶은 회사는 아니지만 그래도 이정도면 감지덕지다. 면접준비 열심히 해봐야지! 화이팅!', 15, 8, 0.11, 5.59, 94.3, 94.3, 'positive', '이게 맞지', 2022, 1);
-- 7
insert into text_diary (created_at, updated_at, contents, day, month, negative, neutral, percentage, positive, sentiment, title, year, user_id)
values (now(), now(), '면접을 준비하려고 면접스터디원을 구했다. 다들 의욕이 넘치고 스펙이 좋아서 좀 주눅들긴하지만 그래도 까보기전까진 모르니까 최선을 다해보자!', 16, 7, 0.03, 14.31, 85.66, 85.66, 'positive', '면접스터디!', 2022, 1);
-- 8
insert into text_diary (created_at, updated_at, contents, day, month, negative, neutral, percentage, positive, sentiment, title, year, user_id)
values (now(), now(), '스터디원중 한분이 왜 자꾸 술을 마시자고 하는지 모르겠다. 면접준비하러 모인거지 놀러온게 아닌데... 스터디가 노는 분위기로 가면 곤란한데 걱정이 많다. 면접은 얼마 안남고 초조하다...', 17, 7, 99.95, 0.04, 0.01, 99.95, 'negative', '스터디원이 좀 이상하다', 2022, 1);
-- 9
insert into text_diary (created_at, updated_at, contents, day, month, negative, neutral, percentage, positive, sentiment, title, year, user_id)
values (now(), now(), '면접을 보고왔다...정말 아무말도 못 했다. 예상질문을 철저히 준비해갔다고 생각했는데 막상 면접장에 가니 아무것도 생각이 나지 않았다..ㅠㅠ 면접장 나오자마자 펑펑 울었다. 망한 것 같아...', 18, 7, 95.47, 4.49, 0.03, 95.47, 'negative', '면접...', 2022, 1);
-- 10
insert into text_diary (created_at, updated_at, contents, day, month, negative, neutral, percentage, positive, sentiment, title, year, user_id)
values (now(), now(), '아침에 일어나니 그래도 기분이 괜찮았다. 지나간 면접은 지나가게 두고 또 힘내서 열심히 해봐야지! 면접이 떨어지면 또 지원하고 또 지원하고 하다보면 합격할 수 있을거야!', 19, 7, 0.48, 7.23, 92.29, 92.29, 'positive', '다시 열심히 힘내보자!', 2022, 1);
-- 11
insert into text_diary (created_at, updated_at, contents, day, month, negative, neutral, percentage, positive, sentiment, title, year, user_id)
values (now(), now(), '오늘따라 왜이렇게 공부가 손에 안잡히는지 모르겠다. 아침부터 지금까지 아무것도 못 했다. 우울해서 눈물이 나온다. 힘들다 힘들어', 11, 8, 99.97, 0.02, 0.01, 99.97, 'negative', '힘들다', 2022, 2);
-- 12
insert into text_diary (created_at, updated_at, contents, day, month, negative, neutral, percentage, positive, sentiment, title, year, user_id)
values (now(), now(), '어제 늦게 자서 그런지 아침에 알람을 못 듣고 자버렸다. ㅠㅠ 학원에 결국 지각했다. 하루종일 정신이 없는 하루였다. 아침부터 지각해서 그런지 일이 자꾸 꼬이는 기분이 들었다. 힘든 하루 였다.', 12, 8, 95.99, 4.0, 0.01, 95.99, 'negative', '알람을 못 들었다 ㅠㅠ', 2022, 2);
-- 13
insert into text_diary (created_at, updated_at, contents, day, month, negative, neutral, percentage, positive, sentiment, title, year, user_id)
values (now(), now(), '난 왜이렇게 일이 잘 안풀릴까? 오늘도 또 지각을 해버렸다. 왜 매번 알람을 못 듣고 자버리는걸까? 잠자기전에 인스타그램보는걸 그만해야겠다.', 13, 8, 95.96, 4.04, 0.0, 95.96, 'negative', '힘든 하루였다', 2022, 2);
-- 14
--insert into text_diary (created_at, updated_at, contents, day, month, negative, neutral, percentage, positive, sentiment, title, year, user_id)
--values (now(), now(), '오늘은 일찍 일어났다. 학원에 일찍 도착하니 기분이 아주 상쾌했다. 역시 이래서 아침형인간이 좋다는거구나 ㅎㅎ 그래서 그런지 공부도 잘되고 뿌듯한 하루였다.', 14, 8, null, null, null, null, null, '오늘은 기분이 좋다', 2022, 2);
-- 15
--insert into text_diary (created_at, updated_at, contents, day, month, negative, neutral, percentage, positive, sentiment, title, year, user_id)
--values (now(), now(), '얼마전에 지원했던 회사에서 최종불합격 통보를 받았다. ㅡㅡ... 무조건 붙을거라 생각하고 붙은다음에 다른회사도 지원해볼 생각 이었는데 계획이 수포로 돌아갔다. 짜증난다.', 15, 8, null, null, null, null, null, '아 이건 좀 아닌데', 2022, 2);
-- 16
--insert into text_diary (created_at, updated_at, contents, day, month, negative, neutral, percentage, positive, sentiment, title, year, user_id)
--values (now(), now(), '마땅한 스터디가 없어서 이리저리 찾다가 취준생커뮤니티에서 스터디를 구했다. 시작이 좋다. 열심히 스터디참여해야지! 일단 스터디원들이랑 어떤식으로 진행할지 회의를 해봐야겠다. ', 10, 8, null, null, null, null, null, '스터디를 드디어 구했다!', 2022, 3);
-- 17
--insert into text_diary (created_at, updated_at, contents, day, month, negative, neutral, percentage, positive, sentiment, title, year, user_id)
--values (now(), now(), '어제 구했던 스터디원들과 첫 스터디를 가졌다. 다들 우울해보여서 나도 우울해졌다. 어딜가나 항상 사람이 중요하다더니 정말이다. 잘 할 수 있을까? 걱정이 앞선다...', 11, 8, null, null, null, null, null, '스터디는 힘들다', 2022, 3);
-- 18
--insert into text_diary (created_at, updated_at, contents, day, month, negative, neutral, percentage, positive, sentiment, title, year, user_id)
--values (now(), now(), '스터디원들과 오늘 다툼이 좀 있었다. 다들 의욕이 없어서 회의를 하는내내 아무도 의견을 내질 않는다... 그래서 내가 한마디 했더니 어떤사람이 굉장히 기분나쁘게 비꼬듯이 말했다. 크게 싸울뻔 했지만 참았다... 그냥 나가야겠다...', 12, 8, null, null, null, null, null, '그냥 나갈래', 2022, 3);
-- 19
--insert into text_diary (created_at, updated_at, contents, day, month, negative, neutral, percentage, positive, sentiment, title, year, user_id)
--values (now(), now(), '스터디를 결국 탈퇴했다. 오늘 아침에 단톡방에 나가겠다고 얘기하고 나와버렸다. 후... 힘들겠지만 다시 스터디원을 구해봐야겠다. 한번 해봤으니 두번은 쉽겠지? 다시 하면 된다! 열심히 해보자!', 13, 8, null, null, null, null, null, '다시 시작', 2022, 3);
-- 20
--insert into text_diary (created_at, updated_at, contents, day, month, negative, neutral, percentage, positive, sentiment, title, year, user_id)
--values (now(), now(), '와 정말 생각지도 못한 회사에서 합격문자를 받았다. 너무 기뻐서 부모님한테도 알리고 친구들한테도 자랑했다. 근데 몇시간뒤에 합격이 취소되었다...잘못 보낸거라고 한다... 자랑 다했는데... 이건좀 아니지... 장난하나...우울해졌다.  ', 18, 7, null, null, null, null, null, '이건 좀 아니지...', 2022, 4);